onset	duration	trial_type	stimulus	hole	mole_row	mole_col	expected_button	pressed_button	outcome	response_time	scheduled_onset	preceding_go
2.000	0.507	go	mole_happy	1	1	1	1	1	hit	0.507	2.000	n/a
3.017	0.425	go	mole_happy	7	3	1	1	1	hit	0.425	3.000	n/a
4.017	0.337	go	mole_happy	9	3	3	3	3	hit	0.337	4.000	n/a
5.000	0.377	go	mole_happy	1	1	1	1	1	hit	0.377	5.000	n/a
6.000	0.449	go	mole_happy	2	1	2	2	2	hit	0.449	6.000	n/a
7.000	0.481	go	mole_happy	8	3	2	2	2	hit	0.481	7.000	n/a
8.000	0.422	go	mole_happy	4	2	1	1	1	hit	0.422	8.000	n/a
9.000	0.426	go	mole_happy	2	1	2	2	2	hit	0.426	9.000	n/a
10.017	0.386	go	mole_happy	5	2	2	2	2	hit	0.386	10.000	n/a
11.017	0.471	go	mole_happy	3	1	3	3	3	hit	0.471	11.000	n/a
12.017	0.817	go	mole_happy	9	3	3	3	n/a	omission	n/a	12.000	n/a
13.017	0.324	go	mole_happy	5	2	2	2	2	hit	0.324	13.000	n/a
14.017	0.408	go	mole_happy	3	1	3	3	3	hit	0.408	14.000	n/a
15.017	0.268	go	mole_happy	4	2	1	1	1	hit	0.268	15.000	n/a
16.017	0.800	nogo	molerat	5	2	2	2	n/a	correct_rejection	n/a	16.000	14
17.017	0.293	go	mole_happy	1	1	1	1	1	hit	0.293	17.000	n/a
18.017	0.800	nogo	mole_sad	9	3	3	3	n/a	correct_rejection	n/a	18.000	1
19.017	0.395	go	mole_happy	8	3	2	2	2	hit	0.395	19.000	n/a
20.000	0.464	go	mole_happy	5	2	2	2	2	hit	0.464	20.000	n/a
21.000	0.364	go	mole_happy	9	3	3	3	3	hit	0.364	21.000	n/a
22.000	0.545	go	mole_happy	3	1	3	3	3	hit	0.545	22.000	n/a
23.000	0.339	go	mole_happy	6	2	3	3	3	hit	0.339	23.000	n/a
24.000	0.375	go	mole_happy	2	1	2	2	2	hit	0.375	24.000	n/a
25.000	0.800	nogo	molerat	6	2	3	3	n/a	correct_rejection	n/a	25.000	6
26.000	0.466	go	mole_happy	8	3	2	2	2	hit	0.466	26.000	n/a
27.000	0.415	go	mole_happy	9	3	3	3	3	hit	0.415	27.000	n/a
28.000	0.431	go	mole_happy	3	1	3	3	3	hit	0.431	28.000	n/a
29.000	0.800	go	mole_happy	2	1	2	2	n/a	omission	n/a	29.000	n/a
30.000	0.525	go	mole_happy	5	2	2	2	2	hit	0.525	30.000	n/a
31.000	0.444	go	mole_happy	3	1	3	3	3	hit	0.444	31.000	n/a
32.000	0.800	go	mole_happy	7	3	1	1	n/a	omission	n/a	32.000	n/a
33.000	0.448	go	mole_happy	9	3	3	3	3	hit	0.448	33.000	n/a
34.000	0.367	go	mole_happy	4	2	1	1	1	hit	0.367	34.000	n/a
35.000	0.372	go	mole_happy	1	1	1	1	1	hit	0.372	35.000	n/a
36.000	0.505	nogo	mole_sad	6	2	3	3	3	commission	0.505	36.000	10
37.000	0.452	go	mole_happy	9	3	3	3	3	hit	0.452	37.000	n/a
38.000	0.449	go	mole_happy	7	3	1	1	1	hit	0.449	38.000	n/a
39.000	0.495	go	mole_happy	1	1	1	1	1	hit	0.495	39.000	n/a
40.017	0.465	go	mole_happy	3	1	3	3	3	hit	0.465	40.000	n/a
41.017	0.417	go	mole_happy	8	3	2	2	2	hit	0.417	41.000	n/a
42.017	0.817	nogo	mole_sad	1	1	1	1	n/a	correct_rejection	n/a	42.000	5
43.017	0.278	go	mole_happy	7	3	1	1	1	hit	0.278	43.000	n/a
44.017	0.817	nogo	molerat	2	1	2	2	n/a	correct_rejection	n/a	44.000	1
45.017	0.476	go	mole_happy	5	2	2	2	2	hit	0.476	45.000	n/a
46.017	0.548	go	mole_happy	3	1	3	3	3	hit	0.548	46.000	n/a
47.017	0.345	go	mole_happy	7	3	1	1	1	hit	0.345	47.000	n/a
48.017	0.325	go	mole_happy	3	1	3	3	3	hit	0.325	48.000	n/a
49.017	0.353	go	mole_happy	5	2	2	2	2	hit	0.353	49.000	n/a
50.017	0.332	go	mole_happy	8	3	2	2	2	hit	0.332	50.000	n/a
51.017	0.386	go	mole_happy	5	2	2	2	2	hit	0.386	51.000	n/a
52.017	0.817	nogo	mole_sad	2	1	2	2	n/a	correct_rejection	n/a	52.000	7
53.017	0.331	go	mole_happy	3	1	3	3	3	hit	0.331	53.000	n/a
54.017	0.421	go	mole_happy	7	3	1	1	1	hit	0.421	54.000	n/a
55.017	0.374	go	mole_happy	2	1	2	2	2	hit	0.374	55.000	n/a
56.017	0.525	nogo	molerat	9	3	3	3	3	commission	0.525	56.000	3
57.017	0.359	go	mole_happy	7	3	1	1	1	hit	0.359	57.000	n/a
58.017	0.370	go	mole_happy	6	2	3	3	3	hit	0.370	58.000	n/a
59.017	0.345	go	mole_happy	5	2	2	2	2	hit	0.345	59.000	n/a
60.017	0.412	go	mole_happy	9	3	3	3	3	hit	0.412	60.000	n/a
61.017	0.378	go	mole_happy	6	2	3	3	3	hit	0.378	61.000	n/a
62.017	0.474	go	mole_happy	8	3	2	2	2	hit	0.474	62.000	n/a
63.017	0.425	go	mole_happy	2	1	2	2	2	hit	0.425	63.000	n/a
64.017	0.411	go	mole_happy	7	3	1	1	1	hit	0.411	64.000	n/a
65.017	0.328	go	mole_happy	6	2	3	3	3	hit	0.328	65.000	n/a
66.017	0.486	go	mole_happy	9	3	3	3	3	hit	0.486	66.000	n/a
67.017	0.800	nogo	mole_sad	5	2	2	2	n/a	correct_rejection	n/a	67.000	10
68.017	0.417	go	mole_happy	1	1	1	1	1	hit	0.417	68.000	n/a
69.017	0.381	go	mole_happy	7	3	1	1	1	hit	0.381	69.000	n/a
70.017	0.800	nogo	mole_sad	3	1	3	3	n/a	correct_rejection	n/a	70.000	2
71.017	0.459	go	mole_happy	2	1	2	2	2	hit	0.459	71.000	n/a
72.017	0.350	nogo	molerat	7	3	1	1	1	commission	0.350	72.000	1
73.017	0.243	go	mole_happy	9	3	3	3	3	hit	0.243	73.000	n/a
74.017	0.800	go	mole_happy	3	1	3	3	n/a	omission	n/a	74.000	n/a
75.017	0.513	go	mole_happy	9	3	3	3	3	hit	0.513	75.000	n/a
76.017	0.390	go	mole_happy	3	1	3	3	3	hit	0.390	76.000	n/a
77.017	0.445	nogo	molerat	2	1	2	2	2	commission	0.445	77.000	4
78.017	0.256	go	mole_happy	3	1	3	3	3	hit	0.256	78.000	n/a
79.000	0.437	go	mole_happy	6	2	3	3	3	hit	0.437	79.000	n/a
80.000	0.800	go	mole_happy	9	3	3	3	n/a	omission	n/a	80.000	n/a
81.000	0.378	go	mole_happy	5	2	2	2	2	hit	0.378	81.000	n/a
82.000	0.449	go	mole_happy	4	2	1	1	1	hit	0.449	82.000	n/a
83.000	0.800	nogo	mole_sad	7	3	1	1	n/a	correct_rejection	n/a	83.000	5
84.000	0.441	go	mole_happy	3	1	3	3	3	hit	0.441	84.000	n/a
85.000	0.399	go	mole_happy	8	3	2	2	2	hit	0.399	85.000	n/a
86.000	0.434	go	mole_happy	4	2	1	1	1	hit	0.434	86.000	n/a
87.000	0.800	nogo	mole_sad	9	3	3	3	n/a	correct_rejection	n/a	87.000	3
88.000	0.460	go	mole_happy	4	2	1	1	1	hit	0.460	88.000	n/a
89.000	0.800	nogo	mole_sad	8	3	2	2	n/a	correct_rejection	n/a	89.000	1
90.000	0.424	go	mole_happy	6	2	3	3	3	hit	0.424	90.000	n/a
91.000	0.463	go	mole_happy	8	3	2	2	2	hit	0.463	91.000	n/a
92.000	0.800	nogo	mole_sad	1	1	1	1	n/a	correct_rejection	n/a	92.000	2
93.000	0.422	go	mole_happy	9	3	3	3	3	hit	0.422	93.000	n/a
94.000	0.800	nogo	molerat	7	3	1	1	n/a	correct_rejection	n/a	94.000	1
95.000	0.391	go	mole_happy	5	2	2	2	2	hit	0.391	95.000	n/a
96.000	0.370	go	mole_happy	9	3	3	3	3	hit	0.370	96.000	n/a
97.000	0.429	go	mole_happy	1	1	1	1	1	hit	0.429	97.000	n/a
98.000	0.399	go	mole_happy	9	3	3	3	3	hit	0.399	98.000	n/a
99.000	0.402	go	mole_happy	3	1	3	3	3	hit	0.402	99.000	n/a
100.000	0.419	go	mole_happy	1	1	1	1	1	hit	0.419	100.000	n/a
101.000	0.424	go	mole_happy	3	1	3	3	3	hit	0.424	101.000	n/a
102.000	0.393	go	mole_happy	8	3	2	2	2	hit	0.393	102.000	n/a
103.000	0.388	go	mole_happy	2	1	2	2	2	hit	0.388	103.000	n/a
104.000	0.337	go	mole_happy	7	3	1	1	1	hit	0.337	104.000	n/a
105.000	0.370	go	mole_happy	4	2	1	1	1	hit	0.370	105.000	n/a
106.000	0.466	go	mole_happy	1	1	1	1	1	hit	0.466	106.000	n/a
107.000	0.456	go	mole_happy	4	2	1	1	1	hit	0.456	107.000	n/a
108.000	0.346	go	mole_happy	9	3	3	3	3	hit	0.346	108.000	n/a
109.000	0.302	go	mole_happy	5	2	2	2	2	hit	0.302	109.000	n/a
110.000	0.800	nogo	mole_sad	4	2	1	1	n/a	correct_rejection	n/a	110.000	15
111.000	0.462	go	mole_happy	6	2	3	3	3	hit	0.462	111.000	n/a
112.000	0.430	go	mole_happy	5	2	2	2	2	hit	0.430	112.000	n/a
113.000	0.800	nogo	mole_sad	2	1	2	2	n/a	correct_rejection	n/a	113.000	2
114.000	0.372	go	mole_happy	8	3	2	2	2	hit	0.372	114.000	n/a
115.000	0.409	go	mole_happy	4	2	1	1	1	hit	0.409	115.000	n/a
116.000	0.389	go	mole_happy	6	2	3	3	3	hit	0.389	116.000	n/a
117.000	0.404	go	mole_happy	5	2	2	2	2	hit	0.404	117.000	n/a
118.000	0.454	go	mole_happy	9	3	3	3	3	hit	0.454	118.000	n/a
119.000	0.361	nogo	mole_sad	4	2	1	1	1	commission	0.361	119.000	5
120.000	0.522	go	mole_happy	5	2	2	2	2	hit	0.522	120.000	n/a
121.000	0.423	go	mole_happy	2	1	2	2	2	hit	0.423	121.000	n/a
122.000	0.501	go	mole_happy	7	3	1	1	1	hit	0.501	122.000	n/a
123.000	0.313	nogo	molerat	6	2	3	3	3	commission	0.313	123.000	3
124.000	0.357	go	mole_happy	1	1	1	1	1	hit	0.357	124.000	n/a
125.000	0.460	nogo	molerat	8	3	2	2	2	commission	0.460	125.000	1
126.000	0.381	go	mole_happy	2	1	2	2	2	hit	0.381	126.000	n/a
127.000	0.303	go	mole_happy	3	1	3	3	3	hit	0.303	127.000	n/a
128.000	0.373	go	mole_happy	7	3	1	1	1	hit	0.373	128.000	n/a
129.000	0.800	nogo	mole_sad	9	3	3	3	n/a	correct_rejection	n/a	129.000	3
130.000	0.332	go	mole_happy	3	1	3	3	3	hit	0.332	130.000	n/a
131.000	0.387	go	mole_happy	1	1	1	1	1	hit	0.387	131.000	n/a
132.000	0.817	nogo	mole_sad	3	1	3	3	n/a	correct_rejection	n/a	132.000	2
133.000	0.304	go	mole_happy	7	3	1	1	1	hit	0.304	133.000	n/a
134.000	0.326	go	mole_happy	4	2	1	1	1	hit	0.326	134.000	n/a
135.000	0.817	nogo	molerat	1	1	1	1	n/a	correct_rejection	n/a	135.000	2
136.000	0.384	go	mole_happy	7	3	1	1	1	hit	0.384	136.000	n/a
137.000	0.317	go	mole_happy	3	1	3	3	3	hit	0.317	137.000	n/a
138.000	0.340	go	mole_happy	5	2	2	2	2	hit	0.340	138.000	n/a
139.000	0.335	go	mole_happy	7	3	1	1	1	hit	0.335	139.000	n/a
140.000	0.413	go	mole_happy	6	2	3	3	3	hit	0.413	140.000	n/a
141.000	0.372	go	mole_happy	7	3	1	1	1	hit	0.372	141.000	n/a
142.000	0.305	go	mole_happy	3	1	3	3	3	hit	0.305	142.000	n/a
143.000	0.421	go	mole_happy	2	1	2	2	2	hit	0.421	143.000	n/a
144.000	0.248	go	mole_happy	9	3	3	3	3	hit	0.248	144.000	n/a
145.000	0.428	go	mole_happy	8	3	2	2	2	hit	0.428	145.000	n/a
146.000	0.449	go	mole_happy	2	1	2	2	2	hit	0.449	146.000	n/a
147.000	0.453	go	mole_happy	1	1	1	1	1	hit	0.453	147.000	n/a
148.000	0.475	go	mole_happy	4	2	1	1	1	hit	0.475	148.000	n/a
149.000	0.447	nogo	molerat	2	1	2	2	2	commission	0.447	149.000	13
150.000	0.359	go	mole_happy	1	1	1	1	1	hit	0.359	150.000	n/a
151.000	0.364	go	mole_happy	8	3	2	2	2	hit	0.364	151.000	n/a
152.000	0.403	go	mole_happy	5	2	2	2	2	hit	0.403	152.000	n/a
153.000	0.360	nogo	molerat	6	2	3	3	3	commission	0.360	153.000	3
154.000	0.326	go	mole_happy	7	3	1	1	1	hit	0.326	154.000	n/a
155.000	0.817	nogo	molerat	3	1	3	3	n/a	correct_rejection	n/a	155.000	1
156.000	0.334	go	mole_happy	2	1	2	2	2	hit	0.334	156.000	n/a
157.000	0.384	go	mole_happy	7	3	1	1	1	hit	0.384	157.000	n/a
158.017	0.224	go	mole_happy	9	3	3	3	3	hit	0.224	158.000	n/a
159.017	0.351	go	mole_happy	6	2	3	3	3	hit	0.351	159.000	n/a
160.017	0.325	nogo	mole_sad	8	3	2	2	2	commission	0.325	160.000	4
161.017	0.267	go	mole_happy	3	1	3	3	3	hit	0.267	161.000	n/a
162.017	0.275	go	mole_happy	4	2	1	1	1	hit	0.275	162.000	n/a
163.017	0.345	go	mole_happy	1	1	1	1	1	hit	0.345	163.000	n/a
164.017	0.289	go	mole_happy	9	3	3	3	3	hit	0.289	164.000	n/a
165.017	0.817	nogo	mole_sad	4	2	1	1	n/a	correct_rejection	n/a	165.000	4
166.017	0.424	go	mole_happy	9	3	3	3	3	hit	0.424	166.000	n/a
167.017	0.374	go	mole_happy	1	1	1	1	1	hit	0.374	167.000	n/a
168.017	0.237	go	mole_happy	5	2	2	2	2	hit	0.237	168.000	n/a
169.017	0.439	go	mole_happy	6	2	3	3	3	hit	0.439	169.000	n/a
170.017	0.236	go	mole_happy	7	3	1	1	1	hit	0.236	170.000	n/a
171.017	0.355	go	mole_happy	6	2	3	3	3	hit	0.355	171.000	n/a
172.017	0.338	go	mole_happy	3	1	3	3	3	hit	0.338	172.000	n/a
173.017	0.817	nogo	molerat	5	2	2	2	n/a	correct_rejection	n/a	173.000	7
174.017	0.267	go	mole_happy	1	1	1	1	1	hit	0.267	174.000	n/a
175.017	0.817	nogo	molerat	7	3	1	1	n/a	correct_rejection	n/a	175.000	1
176.017	0.398	go	mole_happy	9	3	3	3	3	hit	0.398	176.000	n/a
177.017	0.817	go	mole_happy	6	2	3	3	n/a	omission	n/a	177.000	n/a
178.017	0.369	go	mole_happy	1	1	1	1	1	hit	0.369	178.000	n/a
179.017	0.365	go	mole_happy	4	2	1	1	1	hit	0.365	179.000	n/a
180.017	0.418	go	mole_happy	1	1	1	1	1	hit	0.418	180.000	n/a
181.017	0.817	go	mole_happy	4	2	1	1	n/a	omission	n/a	181.000	n/a
182.017	0.332	go	mole_happy	8	3	2	2	2	hit	0.332	182.000	n/a
183.017	0.817	nogo	molerat	1	1	1	1	n/a	correct_rejection	n/a	183.000	7
184.017	0.384	go	mole_happy	4	2	1	1	1	hit	0.384	184.000	n/a
185.017	0.374	go	mole_happy	5	2	2	2	2	hit	0.374	185.000	n/a
186.017	0.337	go	mole_happy	1	1	1	1	1	hit	0.337	186.000	n/a
187.017	0.286	go	mole_happy	8	3	2	2	2	hit	0.286	187.000	n/a
188.017	0.343	go	mole_happy	9	3	3	3	3	hit	0.343	188.000	n/a
189.017	0.446	go	mole_happy	1	1	1	1	1	hit	0.446	189.000	n/a
190.017	0.304	go	mole_happy	4	2	1	1	1	hit	0.304	190.000	n/a
191.017	0.375	go	mole_happy	3	1	3	3	3	hit	0.375	191.000	n/a
192.017	0.817	nogo	mole_sad	8	3	2	2	n/a	correct_rejection	n/a	192.000	8
193.017	0.316	go	mole_happy	5	2	2	2	2	hit	0.316	193.000	n/a
194.017	0.817	nogo	mole_sad	7	3	1	1	n/a	correct_rejection	n/a	194.000	1
195.017	0.335	go	mole_happy	3	1	3	3	3	hit	0.335	195.000	n/a
196.017	0.817	nogo	mole_sad	6	2	3	3	n/a	correct_rejection	n/a	196.000	1
197.017	0.305	go	mole_happy	8	3	2	2	2	hit	0.305	197.000	n/a
198.017	0.381	go	mole_happy	9	3	3	3	3	hit	0.381	198.000	n/a
199.017	0.356	go	mole_happy	3	1	3	3	3	hit	0.356	199.000	n/a
200.017	0.323	go	mole_happy	4	2	1	1	1	hit	0.323	200.000	n/a
201.017	0.402	go	mole_happy	6	2	3	3	3	hit	0.402	201.000	n/a
202.017	0.319	go	mole_happy	5	2	2	2	2	hit	0.319	202.000	n/a
203.017	0.419	go	mole_happy	2	1	2	2	2	hit	0.419	203.000	n/a
204.017	0.817	nogo	molerat	8	3	2	2	n/a	correct_rejection	n/a	204.000	7
205.017	0.325	go	mole_happy	5	2	2	2	2	hit	0.325	205.000	n/a
206.017	0.415	go	mole_happy	9	3	3	3	3	hit	0.415	206.000	n/a
207.017	0.298	go	mole_happy	6	2	3	3	3	hit	0.298	207.000	n/a
208.017	0.817	nogo	mole_sad	1	1	1	1	n/a	correct_rejection	n/a	208.000	3
209.017	0.448	go	mole_happy	9	3	3	3	3	hit	0.448	209.000	n/a
210.017	0.817	nogo	molerat	3	1	3	3	n/a	correct_rejection	n/a	210.000	1
211.017	0.435	go	mole_happy	7	3	1	1	1	hit	0.435	211.000	n/a
212.017	0.410	go	mole_happy	9	3	3	3	3	hit	0.410	212.000	n/a
213.017	0.383	go	mole_happy	8	3	2	2	2	hit	0.383	213.000	n/a
214.017	0.361	go	mole_happy	2	1	2	2	2	hit	0.361	214.000	n/a
215.017	0.817	go	mole_happy	4	2	1	1	n/a	omission	n/a	215.000	n/a
216.017	0.452	go	mole_happy	7	3	1	1	1	hit	0.452	216.000	n/a
217.017	0.425	go	mole_happy	5	2	2	2	2	hit	0.425	217.000	n/a
218.017	0.364	go	mole_happy	9	3	3	3	3	hit	0.364	218.000	n/a
219.017	0.817	nogo	molerat	3	1	3	3	n/a	correct_rejection	n/a	219.000	8
220.017	0.330	go	mole_happy	9	3	3	3	3	hit	0.330	220.000	n/a
221.017	0.412	go	mole_happy	2	1	2	2	2	hit	0.412	221.000	n/a
222.017	0.342	go	mole_happy	5	2	2	2	2	hit	0.342	222.000	n/a
223.017	0.422	go	mole_happy	8	3	2	2	2	hit	0.422	223.000	n/a
224.017	0.307	go	mole_happy	3	1	3	3	3	hit	0.307	224.000	n/a
225.017	0.817	nogo	molerat	1	1	1	1	n/a	correct_rejection	n/a	225.000	5
226.017	0.387	go	mole_happy	2	1	2	2	2	hit	0.387	226.000	n/a
227.017	0.415	go	mole_happy	8	3	2	2	2	hit	0.415	227.000	n/a
228.017	0.418	go	mole_happy	4	2	1	1	1	hit	0.418	228.000	n/a
229.017	0.364	go	mole_happy	7	3	1	1	1	hit	0.364	229.000	n/a
230.017	0.403	go	mole_happy	5	2	2	2	2	hit	0.403	230.000	n/a
231.017	0.509	go	mole_happy	3	1	3	3	3	hit	0.509	231.000	n/a
232.017	0.817	nogo	mole_sad	5	2	2	2	n/a	correct_rejection	n/a	232.000	6
233.017	0.453	go	mole_happy	8	3	2	2	2	hit	0.453	233.000	n/a
234.017	0.426	go	mole_happy	3	1	3	3	3	hit	0.426	234.000	n/a
235.017	0.387	nogo	mole_sad	2	1	2	2	2	commission	0.387	235.000	2
236.017	0.470	go	mole_happy	9	3	3	3	3	hit	0.470	236.000	n/a
237.017	0.431	go	mole_happy	7	3	1	1	1	hit	0.431	237.000	n/a
238.017	0.406	go	mole_happy	3	1	3	3	3	hit	0.406	238.000	n/a
239.017	0.400	go	mole_happy	4	2	1	1	1	hit	0.400	239.000	n/a
240.017	0.817	nogo	mole_sad	7	3	1	1	n/a	correct_rejection	n/a	240.000	4
241.017	0.377	go	mole_happy	4	2	1	1	1	hit	0.377	241.000	n/a
242.017	0.406	go	mole_happy	6	2	3	3	3	hit	0.406	242.000	n/a
243.017	0.817	nogo	molerat	4	2	1	1	n/a	correct_rejection	n/a	243.000	2
244.017	0.432	go	mole_happy	5	2	2	2	2	hit	0.432	244.000	n/a
245.017	0.405	nogo	molerat	1	1	1	1	1	commission	0.405	245.000	1
246.017	0.384	go	mole_happy	7	3	1	1	1	hit	0.384	246.000	n/a
247.017	0.397	go	mole_happy	8	3	2	2	2	hit	0.397	247.000	n/a
248.017	0.817	nogo	mole_sad	3	1	3	3	n/a	correct_rejection	n/a	248.000	2
249.017	0.357	go	mole_happy	7	3	1	1	1	hit	0.357	249.000	n/a
250.017	0.817	nogo	mole_sad	5	2	2	2	n/a	correct_rejection	n/a	250.000	1
251.017	0.319	go	mole_happy	7	3	1	1	1	hit	0.319	251.000	n/a
252.017	0.401	go	mole_happy	5	2	2	2	2	hit	0.401	252.000	n/a
253.017	0.817	nogo	mole_sad	1	1	1	1	n/a	correct_rejection	n/a	253.000	2
254.017	0.409	go	mole_happy	7	3	1	1	1	hit	0.409	254.000	n/a
255.017	0.817	nogo	molerat	5	2	2	2	n/a	correct_rejection	n/a	255.000	1
256.017	0.360	go	mole_happy	7	3	1	1	1	hit	0.360	256.000	n/a
257.017	0.400	go	mole_happy	9	3	3	3	3	hit	0.400	257.000	n/a
258.017	0.485	go	mole_happy	1	1	1	1	1	hit	0.485	258.000	n/a
259.017	0.435	go	mole_happy	6	2	3	3	3	hit	0.435	259.000	n/a
260.017	0.817	nogo	mole_sad	9	3	3	3	n/a	correct_rejection	n/a	260.000	4
261.017	0.362	go	mole_happy	1	1	1	1	1	hit	0.362	261.000	n/a
262.017	0.008	go	mole_happy	6	2	3	3	3	hit	0.008	262.000	n/a
263.017	0.343	go	mole_happy	9	3	3	3	3	hit	0.343	263.000	n/a
264.017	0.401	go	mole_happy	5	2	2	2	2	hit	0.401	264.000	n/a
265.017	0.436	go	mole_happy	7	3	1	1	1	hit	0.436	265.000	n/a
266.017	0.501	go	mole_happy	1	1	1	1	1	hit	0.501	266.000	n/a
267.017	0.416	go	mole_happy	5	2	2	2	2	hit	0.416	267.000	n/a
268.017	0.409	go	mole_happy	4	2	1	1	1	hit	0.409	268.000	n/a
269.017	0.800	nogo	molerat	2	1	2	2	n/a	correct_rejection	n/a	269.000	8
270.017	0.411	go	mole_happy	4	2	1	1	1	hit	0.411	270.000	n/a
271.017	0.800	nogo	molerat	7	3	1	1	n/a	correct_rejection	n/a	271.000	1
272.017	0.477	go	mole_happy	9	3	3	3	3	hit	0.477	272.000	n/a
273.017	0.451	go	mole_happy	4	2	1	1	1	hit	0.451	273.000	n/a
274.017	0.800	go	mole_happy	8	3	2	2	n/a	omission	n/a	274.000	n/a
275.017	0.424	go	mole_happy	1	1	1	1	1	hit	0.424	275.000	n/a
276.017	0.358	go	mole_happy	4	2	1	1	1	hit	0.358	276.000	n/a
277.017	0.434	go	mole_happy	1	1	1	1	1	hit	0.434	277.000	n/a
278.017	0.386	go	mole_happy	5	2	2	2	2	hit	0.386	278.000	n/a
279.017	0.358	go	mole_happy	6	2	3	3	3	hit	0.358	279.000	n/a
280.017	0.525	go	mole_happy	5	2	2	2	2	hit	0.525	280.000	n/a
281.017	0.800	nogo	mole_sad	6	2	3	3	n/a	correct_rejection	n/a	281.000	9
282.017	0.519	go	mole_happy	3	1	3	3	3	hit	0.519	282.000	n/a
283.017	0.404	go	mole_happy	6	2	3	3	3	hit	0.404	283.000	n/a
284.017	0.800	nogo	mole_sad	8	3	2	2	n/a	correct_rejection	n/a	284.000	2
285.017	0.393	go	mole_happy	9	3	3	3	3	hit	0.393	285.000	n/a
286.017	0.800	go	mole_happy	1	1	1	1	n/a	omission	n/a	286.000	n/a
287.017	0.800	nogo	molerat	2	1	2	2	n/a	correct_rejection	n/a	287.000	2
288.017	0.473	go	mole_happy	4	2	1	1	1	hit	0.473	288.000	n/a
289.017	0.494	go	mole_happy	5	2	2	2	2	hit	0.494	289.000	n/a
290.017	0.452	go	mole_happy	6	2	3	3	3	hit	0.452	290.000	n/a
291.017	0.343	nogo	molerat	5	2	2	2	2	commission	0.343	291.000	3
292.017	0.354	go	mole_happy	8	3	2	2	2	hit	0.354	292.000	n/a
293.017	0.800	go	mole_happy	7	3	1	1	n/a	omission	n/a	293.000	n/a
294.017	0.421	nogo	mole_sad	4	2	1	1	1	commission	0.421	294.000	2
295.017	0.367	go	mole_happy	9	3	3	3	3	hit	0.367	295.000	n/a
296.017	0.407	go	mole_happy	8	3	2	2	2	hit	0.407	296.000	n/a
297.017	0.469	go	mole_happy	1	1	1	1	1	hit	0.469	297.000	n/a
298.017	0.377	go	mole_happy	5	2	2	2	2	hit	0.377	298.000	n/a
299.017	0.476	go	mole_happy	9	3	3	3	3	hit	0.476	299.000	n/a
300.017	0.453	go	mole_happy	8	3	2	2	2	hit	0.453	300.000	n/a
301.017	0.440	go	mole_happy	3	1	3	3	3	hit	0.440	301.000	n/a
302.017	0.399	go	mole_happy	4	2	1	1	1	hit	0.399	302.000	n/a
303.017	0.399	nogo	molerat	1	1	1	1	1	commission	0.399	303.000	8
304.017	0.457	go	mole_happy	3	1	3	3	3	hit	0.457	304.000	n/a
305.017	0.800	go	mole_happy	6	2	3	3	n/a	omission	n/a	305.000	n/a
306.017	0.407	go	mole_happy	2	1	2	2	2	hit	0.407	306.000	n/a
307.017	0.362	nogo	mole_sad	3	1	3	3	3	commission	0.362	307.000	3
308.017	0.403	go	mole_happy	2	1	2	2	2	hit	0.403	308.000	n/a
309.017	0.800	nogo	mole_sad	9	3	3	3	n/a	correct_rejection	n/a	309.000	1
310.017	0.472	go	mole_happy	6	2	3	3	3	hit	0.472	310.000	n/a
311.017	0.440	go	mole_happy	9	3	3	3	3	hit	0.440	311.000	n/a
312.017	0.422	go	mole_happy	4	2	1	1	1	hit	0.422	312.000	n/a
313.017	0.800	nogo	molerat	8	3	2	2	n/a	correct_rejection	n/a	313.000	3
314.017	0.365	go	mole_happy	3	1	3	3	3	hit	0.365	314.000	n/a
315.000	0.800	go	mole_happy	1	1	1	1	n/a	omission	n/a	315.000	n/a
316.000	0.347	go	mole_happy	6	2	3	3	3	hit	0.347	316.000	n/a
317.000	0.435	nogo	mole_sad	9	3	3	3	3	commission	0.435	317.000	3
318.000	0.343	go	mole_happy	2	1	2	2	2	hit	0.343	318.000	n/a
319.000	0.800	nogo	mole_sad	5	2	2	2	n/a	correct_rejection	n/a	319.000	1
320.000	0.419	go	mole_happy	1	1	1	1	1	hit	0.419	320.000	n/a
321.000	0.375	go	mole_happy	3	1	3	3	3	hit	0.375	321.000	n/a
322.000	0.408	go	mole_happy	7	3	1	1	1	hit	0.408	322.000	n/a
323.000	0.464	go	mole_happy	1	1	1	1	1	hit	0.464	323.000	n/a
324.000	0.424	go	mole_happy	4	2	1	1	1	hit	0.424	324.000	n/a
325.000	0.301	go	mole_happy	2	1	2	2	2	hit	0.301	325.000	n/a
326.000	0.486	go	mole_happy	7	3	1	1	1	hit	0.486	326.000	n/a
327.000	0.453	go	mole_happy	9	3	3	3	3	hit	0.453	327.000	n/a
328.000	0.800	nogo	molerat	6	2	3	3	n/a	correct_rejection	n/a	328.000	8
329.000	0.432	go	mole_happy	8	3	2	2	2	hit	0.432	329.000	n/a
330.000	0.404	go	mole_happy	3	1	3	3	3	hit	0.404	330.000	n/a
331.000	0.447	go	mole_happy	9	3	3	3	3	hit	0.447	331.000	n/a
332.000	0.800	go	mole_happy	6	2	3	3	n/a	omission	n/a	332.000	n/a
333.000	0.381	go	mole_happy	4	2	1	1	1	hit	0.381	333.000	n/a
334.000	0.523	go	mole_happy	9	3	3	3	3	hit	0.523	334.000	n/a
335.000	0.410	go	mole_happy	4	2	1	1	1	hit	0.410	335.000	n/a
336.000	0.335	go	mole_happy	3	1	3	3	3	hit	0.335	336.000	n/a
337.000	0.800	nogo	mole_sad	7	3	1	1	n/a	correct_rejection	n/a	337.000	8
338.000	0.428	go	mole_happy	8	3	2	2	2	hit	0.428	338.000	n/a
339.000	0.459	go	mole_happy	4	2	1	1	1	hit	0.459	339.000	n/a
340.000	0.407	go	mole_happy	6	2	3	3	3	hit	0.407	340.000	n/a
341.000	0.420	go	mole_happy	2	1	2	2	2	hit	0.420	341.000	n/a
342.000	0.305	go	mole_happy	4	2	1	1	1	hit	0.305	342.000	n/a
343.000	0.404	go	mole_happy	6	2	3	3	3	hit	0.404	343.000	n/a
344.000	0.380	go	mole_happy	7	3	1	1	1	hit	0.380	344.000	n/a
345.000	0.318	go	mole_happy	6	2	3	3	3	hit	0.318	345.000	n/a
346.000	0.449	go	mole_happy	3	1	3	3	3	hit	0.449	346.000	n/a
347.000	0.800	nogo	molerat	1	1	1	1	n/a	correct_rejection	n/a	347.000	9
348.000	0.295	go	mole_happy	2	1	2	2	2	hit	0.295	348.000	n/a
349.000	0.322	go	mole_happy	7	3	1	1	1	hit	0.322	349.000	n/a
350.000	0.800	go	mole_happy	9	3	3	3	n/a	omission	n/a	350.000	n/a
351.000	0.415	go	mole_happy	4	2	1	1	1	hit	0.415	351.000	n/a
352.000	0.368	go	mole_happy	8	3	2	2	2	hit	0.368	352.000	n/a
353.000	0.436	go	mole_happy	9	3	3	3	3	hit	0.436	353.000	n/a
354.000	0.306	go	mole_happy	7	3	1	1	1	hit	0.306	354.000	n/a
355.000	0.330	go	mole_happy	3	1	3	3	3	hit	0.330	355.000	n/a
356.000	0.445	go	mole_happy	1	1	1	1	1	hit	0.445	356.000	n/a
357.000	0.329	go	mole_happy	5	2	2	2	2	hit	0.329	357.000	n/a
358.000	0.366	go	mole_happy	7	3	1	1	1	hit	0.366	358.000	n/a
359.000	0.481	go	mole_happy	8	3	2	2	2	hit	0.481	359.000	n/a
360.000	0.365	go	mole_happy	5	2	2	2	2	hit	0.365	360.000	n/a
361.000	0.436	go	mole_happy	2	1	2	2	2	hit	0.436	361.000	n/a
362.000	0.282	go	mole_happy	9	3	3	3	3	hit	0.282	362.000	n/a
363.000	0.430	go	mole_happy	4	2	1	1	1	hit	0.430	363.000	n/a
364.000	0.538	go	mole_happy	9	3	3	3	3	hit	0.538	364.000	n/a
365.000	0.486	go	mole_happy	1	1	1	1	1	hit	0.486	365.000	n/a
366.000	0.635	go	mole_happy	9	3	3	3	3	hit	0.635	366.000	n/a
367.000	0.408	go	mole_happy	6	2	3	3	3	hit	0.408	367.000	n/a
368.000	0.379	go	mole_happy	8	3	2	2	2	hit	0.379	368.000	n/a
369.000	0.800	nogo	mole_sad	2	1	2	2	n/a	correct_rejection	n/a	369.000	21
370.000	0.425	go	mole_happy	6	2	3	3	3	hit	0.425	370.000	n/a
371.000	0.800	nogo	molerat	7	3	1	1	n/a	correct_rejection	n/a	371.000	1
372.000	0.537	go	mole_happy	9	3	3	3	3	hit	0.537	372.000	n/a
373.000	0.800	nogo	molerat	5	2	2	2	n/a	correct_rejection	n/a	373.000	1
374.000	0.422	go	mole_happy	6	2	3	3	3	hit	0.422	374.000	n/a
375.000	0.204	go	mole_happy	1	1	1	1	1	hit	0.204	375.000	n/a
376.000	0.800	nogo	molerat	4	2	1	1	n/a	correct_rejection	n/a	376.000	2
377.000	0.320	go	mole_happy	6	2	3	3	3	hit	0.320	377.000	n/a
378.000	0.800	nogo	mole_sad	3	1	3	3	n/a	correct_rejection	n/a	378.000	1
379.000	0.362	go	mole_happy	6	2	3	3	3	hit	0.362	379.000	n/a
380.000	0.526	go	mole_happy	8	3	2	2	2	hit	0.526	380.000	n/a
381.000	0.331	go	mole_happy	6	2	3	3	3	hit	0.331	381.000	n/a
382.000	0.415	go	mole_happy	8	3	2	2	2	hit	0.415	382.000	n/a
383.000	0.445	go	mole_happy	3	1	3	3	3	hit	0.445	383.000	n/a
384.000	0.460	go	mole_happy	6	2	3	3	3	hit	0.460	384.000	n/a
385.000	0.438	go	mole_happy	5	2	2	2	2	hit	0.438	385.000	n/a
386.000	0.402	go	mole_happy	9	3	3	3	3	hit	0.402	386.000	n/a
387.000	0.550	go	mole_happy	7	3	1	1	1	hit	0.550	387.000	n/a
388.000	0.391	go	mole_happy	4	2	1	1	1	hit	0.391	388.000	n/a
389.000	0.619	go	mole_happy	2	1	2	2	2	hit	0.619	389.000	n/a
390.000	0.457	go	mole_happy	5	2	2	2	2	hit	0.457	390.000	n/a
391.000	0.344	nogo	mole_sad	8	3	2	2	2	commission	0.344	391.000	12
392.000	0.304	go	mole_happy	3	1	3	3	3	hit	0.304	392.000	n/a
393.000	0.800	nogo	molerat	1	1	1	1	n/a	correct_rejection	n/a	393.000	1
394.000	0.257	go	mole_happy	3	1	3	3	3	hit	0.257	394.000	n/a
395.000	0.800	nogo	mole_sad	9	3	3	3	n/a	correct_rejection	n/a	395.000	1
396.000	0.384	go	mole_happy	2	1	2	2	2	hit	0.384	396.000	n/a
397.000	0.800	nogo	mole_sad	3	1	3	3	n/a	correct_rejection	n/a	397.000	1
398.000	0.354	go	mole_happy	7	3	1	1	1	hit	0.354	398.000	n/a
399.000	0.446	go	mole_happy	2	1	2	2	2	hit	0.446	399.000	n/a
400.000	0.800	nogo	molerat	1	1	1	1	n/a	correct_rejection	n/a	400.000	2
401.000	0.262	go	mole_happy	9	3	3	3	3	hit	0.262	401.000	n/a
402.000	0.386	go	mole_happy	1	1	1	1	1	hit	0.386	402.000	n/a
403.000	0.423	go	mole_happy	4	2	1	1	1	hit	0.423	403.000	n/a
404.000	0.392	go	mole_happy	2	1	2	2	2	hit	0.392	404.000	n/a
405.000	0.401	go	mole_happy	1	1	1	1	1	hit	0.401	405.000	n/a
406.000	0.374	go	mole_happy	6	2	3	3	3	hit	0.374	406.000	n/a
407.000	0.391	go	mole_happy	9	3	3	3	3	hit	0.391	407.000	n/a
408.000	0.800	nogo	mole_sad	2	1	2	2	n/a	correct_rejection	n/a	408.000	7
409.000	0.487	go	mole_happy	6	2	3	3	3	hit	0.487	409.000	n/a
410.000	0.221	go	mole_happy	1	1	1	1	1	hit	0.221	410.000	n/a
411.000	0.383	go	mole_happy	2	1	2	2	2	hit	0.383	411.000	n/a
412.000	0.246	go	mole_happy	7	3	1	1	1	hit	0.246	412.000	n/a
413.000	0.353	go	mole_happy	4	2	1	1	1	hit	0.353	413.000	n/a
414.000	0.387	go	mole_happy	6	2	3	3	3	hit	0.387	414.000	n/a
415.000	0.398	go	mole_happy	8	3	2	2	2	hit	0.398	415.000	n/a
416.000	0.800	nogo	molerat	4	2	1	1	n/a	correct_rejection	n/a	416.000	7
417.000	0.518	go	mole_happy	2	1	2	2	2	hit	0.518	417.000	n/a
418.000	0.502	go	mole_happy	4	2	1	1	1	hit	0.502	418.000	n/a
419.000	0.399	go	mole_happy	6	2	3	3	3	hit	0.399	419.000	n/a
420.000	0.800	nogo	mole_sad	7	3	1	1	n/a	correct_rejection	n/a	420.000	3
421.000	0.335	go	mole_happy	5	2	2	2	2	hit	0.335	421.000	n/a
422.000	0.800	nogo	molerat	1	1	1	1	n/a	correct_rejection	n/a	422.000	1
423.000	0.800	go	mole_happy	9	3	3	3	n/a	omission	n/a	423.000	n/a
424.000	0.800	go	mole_happy	6	2	3	3	n/a	omission	n/a	424.000	n/a
425.000	0.561	go	mole_happy	1	1	1	1	1	hit	0.561	425.000	n/a
426.000	0.333	go	mole_happy	5	2	2	2	2	hit	0.333	426.000	n/a
427.000	0.800	nogo	molerat	2	1	2	2	n/a	correct_rejection	n/a	427.000	4
428.000	0.800	go	mole_happy	5	2	2	2	n/a	omission	n/a	428.000	n/a
429.000	0.496	go	mole_happy	2	1	2	2	2	hit	0.496	429.000	n/a
430.000	0.440	go	mole_happy	7	3	1	1	1	hit	0.440	430.000	n/a
431.000	0.381	nogo	molerat	8	3	2	2	2	commission	0.381	431.000	3
432.000	0.438	go	mole_happy	7	3	1	1	1	hit	0.438	432.000	n/a
433.000	0.331	go	mole_happy	1	1	1	1	1	hit	0.331	433.000	n/a
434.000	0.479	go	mole_happy	5	2	2	2	2	hit	0.479	434.000	n/a
435.000	0.460	go	mole_happy	4	2	1	1	1	hit	0.460	435.000	n/a
436.000	0.450	go	mole_happy	7	3	1	1	1	hit	0.450	436.000	n/a
437.000	0.451	go	mole_happy	3	1	3	3	3	hit	0.451	437.000	n/a
438.000	0.549	go	mole_happy	7	3	1	1	1	hit	0.549	438.000	n/a
439.000	0.459	go	mole_happy	6	2	3	3	3	hit	0.459	439.000	n/a
440.000	0.517	go	mole_happy	1	1	1	1	1	hit	0.517	440.000	n/a
441.000	0.800	nogo	molerat	5	2	2	2	n/a	correct_rejection	n/a	441.000	9
442.000	0.385	go	mole_happy	3	1	3	3	3	hit	0.385	442.000	n/a
443.000	0.328	go	mole_happy	8	3	2	2	2	hit	0.328	443.000	n/a
444.000	0.299	go	mole_happy	1	1	1	1	1	hit	0.299	444.000	n/a
445.000	0.488	go	mole_happy	8	3	2	2	2	hit	0.488	445.000	n/a
446.000	0.387	go	mole_happy	1	1	1	1	1	hit	0.387	446.000	n/a
447.000	0.418	go	mole_happy	8	3	2	2	2	hit	0.418	447.000	n/a
448.000	0.595	go	mole_happy	1	1	1	1	1	hit	0.595	448.000	n/a
449.000	0.800	nogo	mole_sad	7	3	1	1	n/a	correct_rejection	n/a	449.000	7
450.000	0.413	go	mole_happy	9	3	3	3	3	hit	0.413	450.000	n/a
451.000	0.401	go	mole_happy	1	1	1	1	1	hit	0.401	451.000	n/a
452.000	0.459	go	mole_happy	3	1	3	3	3	hit	0.459	452.000	n/a
453.000	0.489	go	mole_happy	6	2	3	3	3	hit	0.489	453.000	n/a
454.000	0.528	go	mole_happy	8	3	2	2	2	hit	0.528	454.000	n/a
455.000	0.800	nogo	mole_sad	7	3	1	1	n/a	correct_rejection	n/a	455.000	5
456.000	0.428	go	mole_happy	3	1	3	3	3	hit	0.428	456.000	n/a
457.000	0.403	go	mole_happy	2	1	2	2	2	hit	0.403	457.000	n/a
458.000	0.539	go	mole_happy	8	3	2	2	2	hit	0.539	458.000	n/a
459.000	0.427	go	mole_happy	7	3	1	1	1	hit	0.427	459.000	n/a
460.000	0.479	go	mole_happy	6	2	3	3	3	hit	0.479	460.000	n/a
461.000	0.471	go	mole_happy	8	3	2	2	2	hit	0.471	461.000	n/a
462.000	0.499	nogo	mole_sad	1	1	1	1	1	commission	0.499	462.000	6
463.000	0.619	go	mole_happy	5	2	2	2	2	hit	0.619	463.000	n/a
464.000	0.618	go	mole_happy	8	3	2	2	2	hit	0.618	464.000	n/a
465.000	0.800	nogo	mole_sad	6	2	3	3	n/a	correct_rejection	n/a	465.000	2
466.000	0.305	go	mole_happy	7	3	1	1	1	hit	0.305	466.000	n/a
467.000	0.544	nogo	mole_sad	5	2	2	2	2	commission	0.544	467.000	1
468.000	0.384	go	mole_happy	9	3	3	3	3	hit	0.384	468.000	n/a
469.000	0.605	go	mole_happy	3	1	3	3	3	hit	0.605	469.000	n/a
470.000	0.590	go	mole_happy	7	3	1	1	1	hit	0.590	470.000	n/a
471.000	0.800	nogo	molerat	9	3	3	3	n/a	correct_rejection	n/a	471.000	3
472.000	0.452	go	mole_happy	2	1	2	2	2	hit	0.452	472.000	n/a
473.000	0.420	go	mole_happy	5	2	2	2	2	hit	0.420	473.000	n/a
474.000	0.800	nogo	mole_sad	9	3	3	3	n/a	correct_rejection	n/a	474.000	2
475.000	0.249	go	mole_happy	4	2	1	1	1	hit	0.249	475.000	n/a
476.000	0.800	nogo	molerat	9	3	3	3	n/a	correct_rejection	n/a	476.000	1
477.000	0.397	go	mole_happy	4	2	1	1	1	hit	0.397	477.000	n/a
478.000	0.407	go	mole_happy	1	1	1	1	1	hit	0.407	478.000	n/a
479.000	0.567	go	mole_happy	3	1	3	3	3	hit	0.567	479.000	n/a
480.000	0.501	go	mole_happy	7	3	1	1	1	hit	0.501	480.000	n/a
481.000	0.611	go	mole_happy	5	2	2	2	2	hit	0.611	481.000	n/a
482.000	0.414	go	mole_happy	1	1	1	1	1	hit	0.414	482.000	n/a
483.000	0.421	go	mole_happy	7	3	1	1	1	hit	0.421	483.000	n/a
484.000	0.556	go	mole_happy	4	2	1	1	1	hit	0.556	484.000	n/a
485.000	0.800	nogo	mole_sad	2	1	2	2	n/a	correct_rejection	n/a	485.000	8
486.000	0.372	go	mole_happy	1	1	1	1	1	hit	0.372	486.000	n/a
487.000	0.474	go	mole_happy	8	3	2	2	2	hit	0.474	487.000	n/a
488.000	0.516	go	mole_happy	5	2	2	2	2	hit	0.516	488.000	n/a
489.000	0.540	go	mole_happy	1	1	1	1	1	hit	0.540	489.000	n/a
490.000	0.462	go	mole_happy	7	3	1	1	1	hit	0.462	490.000	n/a
491.000	0.396	go	mole_happy	3	1	3	3	3	hit	0.396	491.000	n/a
492.000	0.800	nogo	molerat	2	1	2	2	n/a	correct_rejection	n/a	492.000	6
493.000	0.567	go	mole_happy	1	1	1	1	1	hit	0.567	493.000	n/a
494.000	0.344	go	mole_happy	3	1	3	3	3	hit	0.344	494.000	n/a
495.000	0.443	go	mole_happy	1	1	1	1	1	hit	0.443	495.000	n/a
496.000	0.334	go	mole_happy	3	1	3	3	3	hit	0.334	496.000	n/a
497.000	0.441	go	mole_happy	4	2	1	1	1	hit	0.441	497.000	n/a
498.000	0.800	nogo	mole_sad	7	3	1	1	n/a	correct_rejection	n/a	498.000	5
499.000	0.407	go	mole_happy	1	1	1	1	1	hit	0.407	499.000	n/a
500.000	0.653	go	mole_happy	6	2	3	3	3	hit	0.653	500.000	n/a
501.000	0.800	nogo	molerat	8	3	2	2	n/a	correct_rejection	n/a	501.000	2
502.000	0.522	go	mole_happy	2	1	2	2	2	hit	0.522	502.000	n/a
503.000	0.648	go	mole_happy	1	1	1	1	1	hit	0.648	503.000	n/a
504.000	0.800	go	mole_happy	5	2	2	2	n/a	omission	n/a	504.000	n/a
505.000	0.800	nogo	mole_sad	7	3	1	1	n/a	correct_rejection	n/a	505.000	3
506.000	0.361	go	mole_happy	2	1	2	2	2	hit	0.361	506.000	n/a
507.000	0.800	nogo	molerat	7	3	1	1	n/a	correct_rejection	n/a	507.000	1
508.000	0.481	go	mole_happy	1	1	1	1	1	hit	0.481	508.000	n/a
509.000	0.454	go	mole_happy	6	2	3	3	3	hit	0.454	509.000	n/a
510.000	0.501	go	mole_happy	2	1	2	2	2	hit	0.501	510.000	n/a
511.000	0.595	go	mole_happy	4	2	1	1	1	hit	0.595	511.000	n/a
512.000	0.800	nogo	molerat	7	3	1	1	n/a	correct_rejection	n/a	512.000	4
513.000	0.364	go	mole_happy	2	1	2	2	2	hit	0.364	513.000	n/a
514.000	0.450	nogo	mole_sad	8	3	2	2	2	commission	0.450	514.000	1
515.000	0.234	go	mole_happy	1	1	1	1	1	hit	0.234	515.000	n/a
516.000	0.591	nogo	molerat	4	2	1	1	1	commission	0.591	516.000	1
517.000	0.438	go	mole_happy	5	2	2	2	2	hit	0.438	517.000	n/a
518.000	0.519	go	mole_happy	7	3	1	1	1	hit	0.519	518.000	n/a
519.000	0.322	go	mole_happy	3	1	3	3	3	hit	0.322	519.000	n/a
520.000	0.603	nogo	mole_sad	1	1	1	1	1	commission	0.603	520.000	3
521.000	0.727	go	mole_happy	5	2	2	2	2	hit	0.727	521.000	n/a
522.000	0.334	go	mole_happy	1	1	1	1	1	hit	0.334	522.000	n/a
523.000	0.554	go	mole_happy	8	3	2	2	2	hit	0.554	523.000	n/a
524.000	0.454	go	mole_happy	9	3	3	3	3	hit	0.454	524.000	n/a
525.000	0.817	go	mole_happy	3	1	3	3	n/a	omission	n/a	525.000	n/a
526.000	0.424	go	mole_happy	5	2	2	2	2	hit	0.424	526.000	n/a
527.000	0.370	go	mole_happy	3	1	3	3	3	hit	0.370	527.000	n/a
528.000	0.651	nogo	mole_sad	2	1	2	2	2	commission	0.651	528.000	7
529.000	0.469	go	mole_happy	4	2	1	1	1	hit	0.469	529.000	n/a
530.000	0.356	go	mole_happy	5	2	2	2	2	hit	0.356	530.000	n/a
531.000	0.553	go	mole_happy	8	3	2	2	2	hit	0.553	531.000	n/a
532.000	0.464	nogo	molerat	2	1	2	2	2	commission	0.464	532.000	3
533.000	0.413	go	mole_happy	9	3	3	3	3	hit	0.413	533.000	n/a
534.000	0.577	go	mole_happy	2	1	2	2	2	hit	0.577	534.000	n/a
535.000	0.492	go	mole_happy	6	2	3	3	3	hit	0.492	535.000	n/a
536.000	0.490	go	mole_happy	1	1	1	1	1	hit	0.490	536.000	n/a
537.000	0.501	go	mole_happy	5	2	2	2	2	hit	0.501	537.000	n/a
538.000	0.452	go	mole_happy	6	2	3	3	3	hit	0.452	538.000	n/a
539.000	0.627	go	mole_happy	2	1	2	2	2	hit	0.627	539.000	n/a
540.000	0.308	go	mole_happy	1	1	1	1	1	hit	0.308	540.000	n/a
541.000	0.498	go	mole_happy	5	2	2	2	2	hit	0.498	541.000	n/a
542.000	0.372	nogo	molerat	4	2	1	1	1	commission	0.372	542.000	9
543.000	0.310	go	mole_happy	8	3	2	2	2	hit	0.310	543.000	n/a
544.000	0.468	go	mole_happy	1	1	1	1	1	hit	0.468	544.000	n/a
545.000	0.474	go	mole_happy	5	2	2	2	2	hit	0.474	545.000	n/a
546.000	0.468	go	mole_happy	7	3	1	1	1	hit	0.468	546.000	n/a
547.000	0.410	go	mole_happy	8	3	2	2	2	hit	0.410	547.000	n/a
548.000	0.817	nogo	molerat	6	2	3	3	n/a	correct_rejection	n/a	548.000	5
549.000	0.606	go	mole_happy	1	1	1	1	1	hit	0.606	549.000	n/a
550.000	0.036	nogo	molerat	6	2	3	3	3	commission	0.036	550.000	1
551.000	0.491	go	mole_happy	5	2	2	2	2	hit	0.491	551.000	n/a
552.000	0.430	go	mole_happy	3	1	3	3	3	hit	0.430	552.000	n/a
553.000	0.552	nogo	molerat	6	2	3	3	3	commission	0.552	553.000	2
554.000	0.371	go	mole_happy	1	1	1	1	1	hit	0.371	554.000	n/a
555.000	0.817	nogo	molerat	5	2	2	2	n/a	correct_rejection	n/a	555.000	1
556.000	0.482	go	mole_happy	2	1	2	2	2	hit	0.482	556.000	n/a
557.000	0.817	nogo	mole_sad	4	2	1	1	n/a	correct_rejection	n/a	557.000	1
558.000	0.120	go	mole_happy	5	2	2	2	2	hit	0.120	558.000	n/a
559.000	0.347	go	mole_happy	6	2	3	3	3	hit	0.347	559.000	n/a
560.000	0.817	go	mole_happy	1	1	1	1	n/a	omission	n/a	560.000	n/a
561.000	0.295	go	mole_happy	4	2	1	1	1	hit	0.295	561.000	n/a
562.000	0.570	go	mole_happy	6	2	3	3	3	hit	0.570	562.000	n/a
563.000	0.817	nogo	mole_sad	4	2	1	1	n/a	correct_rejection	n/a	563.000	5
564.000	0.412	go	mole_happy	2	1	2	2	2	hit	0.412	564.000	n/a
565.000	0.529	go	mole_happy	7	3	1	1	1	hit	0.529	565.000	n/a
566.000	0.817	go	mole_happy	2	1	2	2	n/a	omission	n/a	566.000	n/a
567.000	0.593	go	mole_happy	7	3	1	1	1	hit	0.593	567.000	n/a
568.000	0.371	nogo	molerat	4	2	1	1	1	commission	0.371	568.000	4
569.000	0.437	go	mole_happy	1	1	1	1	1	hit	0.437	569.000	n/a
570.000	0.476	nogo	mole_sad	3	1	3	3	3	commission	0.476	570.000	1
571.000	0.413	go	mole_happy	5	2	2	2	2	hit	0.413	571.000	n/a
572.000	0.817	nogo	molerat	8	3	2	2	n/a	correct_rejection	n/a	572.000	1
573.000	0.343	go	mole_happy	3	1	3	3	3	hit	0.343	573.000	n/a
574.000	0.514	go	mole_happy	8	3	2	2	2	hit	0.514	574.000	n/a
575.000	0.817	nogo	mole_sad	5	2	2	2	n/a	correct_rejection	n/a	575.000	2
576.000	0.362	go	mole_happy	3	1	3	3	3	hit	0.362	576.000	n/a
577.000	0.593	go	mole_happy	1	1	1	1	1	hit	0.593	577.000	n/a
578.000	0.304	go	mole_happy	2	1	2	2	2	hit	0.304	578.000	n/a
579.000	0.383	go	mole_happy	5	2	2	2	2	hit	0.383	579.000	n/a
580.000	0.430	nogo	molerat	3	1	3	3	3	commission	0.430	580.000	4
581.000	0.314	go	mole_happy	9	3	3	3	3	hit	0.314	581.000	n/a
582.000	0.324	nogo	molerat	8	3	2	2	2	commission	0.324	582.000	1
583.000	0.358	go	mole_happy	3	1	3	3	3	hit	0.358	583.000	n/a
584.000	0.439	go	mole_happy	9	3	3	3	3	hit	0.439	584.000	n/a
585.000	0.323	go	mole_happy	4	2	1	1	1	hit	0.323	585.000	n/a
586.000	0.369	go	mole_happy	8	3	2	2	2	hit	0.369	586.000	n/a
587.000	0.507	go	mole_happy	5	2	2	2	2	hit	0.507	587.000	n/a
588.000	0.493	go	mole_happy	3	1	3	3	3	hit	0.493	588.000	n/a
589.000	0.817	nogo	molerat	7	3	1	1	n/a	correct_rejection	n/a	589.000	6
590.000	0.475	go	mole_happy	8	3	2	2	2	hit	0.475	590.000	n/a
591.000	0.345	go	mole_happy	2	1	2	2	2	hit	0.345	591.000	n/a
592.000	0.423	go	mole_happy	7	3	1	1	1	hit	0.423	592.000	n/a
593.000	0.460	go	mole_happy	5	2	2	2	2	hit	0.460	593.000	n/a
594.000	0.705	go	mole_happy	1	1	1	1	1	hit	0.705	594.000	n/a
595.000	0.393	go	mole_happy	4	2	1	1	1	hit	0.393	595.000	n/a
596.000	0.244	nogo	mole_sad	9	3	3	3	3	commission	0.244	596.000	6
597.000	0.378	go	mole_happy	5	2	2	2	2	hit	0.378	597.000	n/a
598.000	0.499	go	mole_happy	7	3	1	1	1	hit	0.499	598.000	n/a
599.000	0.432	go	mole_happy	9	3	3	3	3	hit	0.432	599.000	n/a
600.000	0.336	go	mole_happy	4	2	1	1	1	hit	0.336	600.000	n/a
601.000	0.817	nogo	molerat	1	1	1	1	n/a	correct_rejection	n/a	601.000	4
